node,degree_in,degree_out,freq_in,freq_out
+44 77133 00092,0.14285714285714285,0.10714285714285714,0.10344827586206898,0.08620689655172414
+44 77133 00094,0.21428571428571425,0.24999999999999994,0.15517241379310345,0.22413793103448276
+44 77133 00086,0.07142857142857142,0.24999999999999994,0.05172413793103448,0.24137931034482762
+44 77133 00064,0.21428571428571425,0.24999999999999994,0.15517241379310345,0.1896551724137931
+44 77133 00057,0.14285714285714285,0.10714285714285714,0.12068965517241378,0.06896551724137931
+44 77133 00082,0.17857142857142855,0.10714285714285714,0.13793103448275862,0.05172413793103448
+44 77133 00022,0.14285714285714285,0.14285714285714285,0.12068965517241378,0.08620689655172414
+44 77133 00034,0.21428571428571425,0.10714285714285714,0.15517241379310345,0.05172413793103448
